-- phpMyAdmin SQL Dump
-- version 3.5.1
-- http://www.phpmyadmin.net
--
-- Хост: 127.0.0.1
-- Время создания: Июл 18 2012 г., 18:48
-- Версия сервера: 5.5.25
-- Версия PHP: 5.3.13

SET SQL_MODE="NO_AUTO_VALUE_ON_ZERO";
SET time_zone = "+00:00";

--
-- База данных: `diplom`
--

-- --------------------------------------------------------

--
-- Структура таблицы `cache`
--

DROP TABLE IF EXISTS `cache`;
CREATE TABLE IF NOT EXISTS `cache` (
  `id` char(128) NOT NULL,
  `expire` int(11) DEFAULT NULL,
  `value` longblob,
  PRIMARY KEY (`id`)
) ENGINE=InnoDB DEFAULT CHARSET=utf8;

--
-- Дамп данных таблицы `cache`
--

INSERT INTO `cache` (`id`, `expire`, `value`) VALUES
('4c3f32f5a3e8bc141eee1a298b017ac5', 0, 0x613a323a7b693a303b613a323a7b693a303b613a333a7b693a303b4f3a383a224355726c52756c65223a31363a7b733a393a2275726c537566666978223b4e3b733a31333a226361736553656e736974697665223b4e3b733a31333a2264656661756c74506172616d73223b613a303a7b7d733a31303a226d6174636856616c7565223b4e3b733a343a2276657262223b4e3b733a31313a2270617273696e674f6e6c79223b623a303b733a353a22726f757465223b733a31373a223c636f6e74726f6c6c65723e2f76696577223b733a31303a227265666572656e636573223b613a313a7b733a31303a22636f6e74726f6c6c6572223b733a31323a223c636f6e74726f6c6c65723e223b7d733a31323a22726f7574655061747465726e223b733a33303a222f5e283f503c636f6e74726f6c6c65723e5c772b295c2f76696577242f75223b733a373a227061747465726e223b733a33393a222f5e283f503c636f6e74726f6c6c65723e5c772b295c2f283f503c69643e5c642b295c2f242f75223b733a383a2274656d706c617465223b733a31373a223c636f6e74726f6c6c65723e2f3c69643e223b733a363a22706172616d73223b613a313a7b733a323a226964223b733a333a225c642b223b7d733a363a22617070656e64223b623a303b733a31313a22686173486f7374496e666f223b623a303b733a31343a220043436f6d706f6e656e74005f65223b4e3b733a31343a220043436f6d706f6e656e74005f6d223b4e3b7d693a313b4f3a383a224355726c52756c65223a31363a7b733a393a2275726c537566666978223b4e3b733a31333a226361736553656e736974697665223b4e3b733a31333a2264656661756c74506172616d73223b613a303a7b7d733a31303a226d6174636856616c7565223b4e3b733a343a2276657262223b4e3b733a31313a2270617273696e674f6e6c79223b623a303b733a353a22726f757465223b733a32313a223c636f6e74726f6c6c65723e2f3c616374696f6e3e223b733a31303a227265666572656e636573223b613a323a7b733a31303a22636f6e74726f6c6c6572223b733a31323a223c636f6e74726f6c6c65723e223b733a363a22616374696f6e223b733a383a223c616374696f6e3e223b7d733a31323a22726f7574655061747465726e223b733a34313a222f5e283f503c636f6e74726f6c6c65723e5c772b295c2f283f503c616374696f6e3e5c772b29242f75223b733a373a227061747465726e223b733a35363a222f5e283f503c636f6e74726f6c6c65723e5c772b295c2f283f503c616374696f6e3e5c772b295c2f283f503c69643e5c642b295c2f242f75223b733a383a2274656d706c617465223b733a32363a223c636f6e74726f6c6c65723e2f3c616374696f6e3e2f3c69643e223b733a363a22706172616d73223b613a313a7b733a323a226964223b733a333a225c642b223b7d733a363a22617070656e64223b623a303b733a31313a22686173486f7374496e666f223b623a303b733a31343a220043436f6d706f6e656e74005f65223b4e3b733a31343a220043436f6d706f6e656e74005f6d223b4e3b7d693a323b4f3a383a224355726c52756c65223a31363a7b733a393a2275726c537566666978223b4e3b733a31333a226361736553656e736974697665223b4e3b733a31333a2264656661756c74506172616d73223b613a303a7b7d733a31303a226d6174636856616c7565223b4e3b733a343a2276657262223b4e3b733a31313a2270617273696e674f6e6c79223b623a303b733a353a22726f757465223b733a32313a223c636f6e74726f6c6c65723e2f3c616374696f6e3e223b733a31303a227265666572656e636573223b613a323a7b733a31303a22636f6e74726f6c6c6572223b733a31323a223c636f6e74726f6c6c65723e223b733a363a22616374696f6e223b733a383a223c616374696f6e3e223b7d733a31323a22726f7574655061747465726e223b733a34313a222f5e283f503c636f6e74726f6c6c65723e5c772b295c2f283f503c616374696f6e3e5c772b29242f75223b733a373a227061747465726e223b733a34333a222f5e283f503c636f6e74726f6c6c65723e5c772b295c2f283f503c616374696f6e3e5c772b295c2f242f75223b733a383a2274656d706c617465223b733a32313a223c636f6e74726f6c6c65723e2f3c616374696f6e3e223b733a363a22706172616d73223b613a303a7b7d733a363a22617070656e64223b623a303b733a31313a22686173486f7374496e666f223b623a303b733a31343a220043436f6d706f6e656e74005f65223b4e3b733a31343a220043436f6d706f6e656e74005f6d223b4e3b7d7d693a313b733a33323a223434393832613234336433633331393564353161616333643333613266363336223b7d693a313b4e3b7d);

-- --------------------------------------------------------

--
-- Структура таблицы `data`
--

DROP TABLE IF EXISTS `data`;
CREATE TABLE IF NOT EXISTS `data` (
  `id` int(11) unsigned NOT NULL AUTO_INCREMENT,
  `sector_id` int(11) unsigned DEFAULT NULL,
  `metric_id` int(255) DEFAULT NULL,
  `value` varchar(255) DEFAULT NULL,
  PRIMARY KEY (`id`)
) ENGINE=MyISAM  DEFAULT CHARSET=utf8 AUTO_INCREMENT=42 ;

--
-- Дамп данных таблицы `data`
--

INSERT INTO `data` (`id`, `sector_id`, `metric_id`, `value`) VALUES
(1, 1, 1, '10'),
(2, 2, 1, '20'),
(3, 3, 1, '30'),
(4, 4, 1, '40'),
(5, 5, 1, '30'),
(7, 1, 6, '9900'),
(8, 2, 6, '9900'),
(9, 3, 6, '12000'),
(10, 4, 6, '7200'),
(11, 5, 6, '10200'),
(12, 1, 3, '1'),
(13, 2, 3, '1'),
(14, 3, 3, '1'),
(15, 4, 3, '1'),
(16, 5, 3, '1'),
(22, 1, 5, '58'),
(23, 2, 5, '71'),
(24, 3, 5, '82'),
(25, 4, 5, '54'),
(26, 5, 5, '76'),
(27, 1, 4, '4'),
(28, 2, 4, '4'),
(29, 3, 4, '3'),
(30, 4, 4, '1'),
(31, 5, 4, '7'),
(32, 1, 7, '20'),
(33, 2, 7, '23'),
(34, 3, 7, '19'),
(35, 4, 7, '18'),
(36, 5, 7, '15'),
(37, 1, 2, '0'),
(38, 2, 2, '0'),
(39, 3, 2, '1'),
(40, 4, 2, '0'),
(41, 5, 2, '0');

-- --------------------------------------------------------

--
-- Структура таблицы `metrics`
--

DROP TABLE IF EXISTS `metrics`;
CREATE TABLE IF NOT EXISTS `metrics` (
  `id` int(11) unsigned NOT NULL AUTO_INCREMENT,
  `title` varchar(255) DEFAULT NULL,
  `name` varchar(255) DEFAULT NULL,
  `formula` text,
  `norma` decimal(12,4) DEFAULT NULL,
  `critical` decimal(12,4) DEFAULT NULL,
  `type` varchar(255) DEFAULT NULL,
  PRIMARY KEY (`id`),
  UNIQUE KEY `name` (`name`)
) ENGINE=MyISAM  DEFAULT CHARSET=utf8 AUTO_INCREMENT=8 ;

--
-- Дамп данных таблицы `metrics`
--

INSERT INTO `metrics` (`id`, `title`, `name`, `formula`, `norma`, `critical`, `type`) VALUES
(1, 'Детские сады', 'detsad', NULL, '0.0000', '50.0000', '2'),
(2, 'Поликлиники', 'policlinic', NULL, '0.0000', '100.0000', '2'),
(3, 'Школы', 'school', NULL, '0.0000', '100.0000', '2'),
(4, 'Спорт площадки', 'sportplace', NULL, '0.0000', '100.0000', '2'),
(5, 'Мусорные контейнеры', 'garbagecontainer', 'var W = metric * 1.1 * 365; \nvar V = peoples * 1.4; \n100 * W / V;', '0.0000', '100.0000', '1'),
(6, 'Население', 'peoples', NULL, '0.0000', '100.0000', NULL),
(7, 'Парковочные места', 'parking', NULL, '0.0000', '100.0000', '1');

-- --------------------------------------------------------

--
-- Структура таблицы `polygons`
--

DROP TABLE IF EXISTS `polygons`;
CREATE TABLE IF NOT EXISTS `polygons` (
  `id` int(11) unsigned NOT NULL AUTO_INCREMENT,
  `sector_id` int(11) DEFAULT NULL,
  `lat` decimal(16,10) DEFAULT NULL,
  `lng` decimal(16,10) DEFAULT NULL,
  PRIMARY KEY (`id`),
  UNIQUE KEY `LatLng` (`lat`,`lng`,`sector_id`)
) ENGINE=MyISAM  DEFAULT CHARSET=utf8 AUTO_INCREMENT=132 ;

--
-- Дамп данных таблицы `polygons`
--

INSERT INTO `polygons` (`id`, `sector_id`, `lat`, `lng`) VALUES
(120, 1, '51.1512212709', '71.4561081639'),
(119, 1, '51.1524864645', '71.4607859365'),
(118, 1, '51.1490407494', '71.4635754338'),
(117, 1, '51.1489330667', '71.4656353704'),
(116, 1, '51.1461130353', '71.4655495397'),
(115, 1, '51.1461063048', '71.4598847142'),
(127, 2, '51.1525133832', '71.4608717672'),
(126, 2, '51.1540746372', '71.4665795079'),
(125, 2, '51.1463755277', '71.4721585027'),
(124, 2, '51.1457832353', '71.4697123281'),
(123, 2, '51.1461063048', '71.4656353703'),
(122, 2, '51.1489061459', '71.4657212010'),
(121, 2, '51.1490542097', '71.4636183492'),
(45, 3, '51.1461197660', '71.4598847142'),
(46, 3, '51.1460389988', '71.4655495397'),
(47, 3, '51.1457428514', '71.4696264974'),
(48, 3, '51.1463889888', '71.4722014180'),
(49, 3, '51.1445313195', '71.4734030477'),
(50, 3, '51.1416504382', '71.4629317037'),
(131, 5, '51.1446120893', '71.4733601323'),
(130, 5, '51.1475735504', '71.4837885610'),
(129, 5, '51.1518538720', '71.4806986562'),
(128, 5, '51.1489465270', '71.4703775159'),
(70, 4, '51.1540477195', '71.4665365926'),
(69, 4, '51.1567124982', '71.4761496297'),
(68, 4, '51.1563625865', '71.4774370900'),
(67, 4, '51.1517865749', '71.4808274022'),
(66, 4, '51.1489869084', '71.4703131429');

-- --------------------------------------------------------

--
-- Структура таблицы `sectors`
--

DROP TABLE IF EXISTS `sectors`;
CREATE TABLE IF NOT EXISTS `sectors` (
  `id` int(11) unsigned NOT NULL AUTO_INCREMENT,
  `title` varchar(255) DEFAULT NULL,
  `square_id` int(11) unsigned DEFAULT NULL,
  PRIMARY KEY (`id`)
) ENGINE=MyISAM  DEFAULT CHARSET=utf8 AUTO_INCREMENT=6 ;

--
-- Дамп данных таблицы `sectors`
--

INSERT INTO `sectors` (`id`, `title`, `square_id`) VALUES
(1, '1-й', 1),
(2, '2-й', 1),
(3, '3-й', 1),
(4, '4-й', 1),
(5, '5-й', 1);

-- --------------------------------------------------------

--
-- Структура таблицы `squares`
--

DROP TABLE IF EXISTS `squares`;
CREATE TABLE IF NOT EXISTS `squares` (
  `id` int(10) unsigned NOT NULL AUTO_INCREMENT,
  `title` varchar(255) DEFAULT NULL,
  PRIMARY KEY (`id`)
) ENGINE=InnoDB  DEFAULT CHARSET=utf8 AUTO_INCREMENT=2 ;

--
-- Дамп данных таблицы `squares`
--

INSERT INTO `squares` (`id`, `title`) VALUES
(1, 'Алматинский');
